{

    "RS2":{
      "LISS-III":
      {
        "NUMBER_OF_BANDS":4,
        "NUMBER_OF_DETECTORS":6000,
        "MID_PRINCIPLE_POINT":3000.96,
        "LINE_INTEGRATION_TIME":9.919466666,
        "FOCAL_LENGTHS":[189.783,189.783,189.783,189.783],
        "DETECTOR_SIZES":[10,10,10,13],
        "PLD_ROLL_VALS":[[1,3000,6000],
          [1.5723155, 1.5723155 ,1.5723155],
          [1.5723155, 1.5723155 ,1.5723155],
          [1.5723155, 1.5723155 ,1.5723155],
          [1.5723155, 1.5723155 ,1.5723155],

        ],
        "PLD_PITCH_VALS":[
          [1,3000,6000],
          [-0.005,-0.005,-0.005],
          [-0.005,-0.005,-0.005],
          [-0.005,-0.005,-0.005],
          [-0.005,-0.005,-0.005]
        ],
        "PLD_YAW_VALS":[
          [1,3000,6000],
          [0, 0 ,0],
          [0, 0 ,0],
          [0, 0 ,0],
          [0, 0 ,0]

        ],
        "MRC2PLD_RPY":[1.5723155,1.5723155,1.5723155]

      }

    }
}
